1,0.0,0.0,0.14925373134328357,-0.15920398009950248,0.20398009950248755,-0.3781094527363184,0.19900497512437812,-0.5621890547263682,0.208955223880597,-0.6965174129353234,0.05970149253731343,-0.572139303482587,0.05970149253731343,-0.7711442786069652,0.05472636815920398,-0.8905472636815921,0.04477611940298507,-0.9900497512437811,-0.05472636815920398,-0.5621890547263682,-0.0845771144278607,-0.7661691542288557,-0.10945273631840796,-0.8905472636815921,-0.12935323383084577,-1.0,-0.15422885572139303,-0.5074626865671642,-0.20398009950248755,-0.6915422885572139,-0.23880597014925373,-0.8059701492537313,-0.25870646766169153,-0.9104477611940298,-0.2537313432835821,-0.4129353233830846,-0.32338308457711445,-0.5422885572139303,-0.3582089552238806,-0.6169154228855721,-0.3781094527363184,-0.6865671641791045
1,0.0,0.0,0.15609756097560976,-0.14146341463414633,0.23414634146341465,-0.3463414634146341,0.24390243902439024,-0.5219512195121951,0.2634146341463415,-0.6585365853658537,0.08780487804878048,-0.5560975609756098,0.1024390243902439,-0.7560975609756098,0.1024390243902439,-0.8780487804878049,0.0975609756097561,-0.975609756097561,-0.02926829268292683,-0.551219512195122,-0.05365853658536585,-0.7658536585365854,-0.07317073170731707,-0.8926829268292683,-0.08292682926829269,-1.0,-0.13170731707317074,-0.5024390243902439,-0.18536585365853658,-0.697560975609756,-0.2146341463414634,-0.8195121951219512,-0.23414634146341465,-0.926829268292683,-0.23414634146341465,-0.4146341463414634,-0.3121951219512195,-0.5463414634146342,-0.35121951219512193,-0.6292682926829268,-0.375609756097561,-0.7073170731707317
1,0.0,0.0,0.15151515151515152,-0.15656565656565657,0.2222222222222222,-0.36363636363636365,0.24242424242424243,-0.5404040404040404,0.2676767676767677,-0.6717171717171717,0.08080808080808081,-0.5606060606060606,0.09595959595959595,-0.7575757575757576,0.09090909090909091,-0.8787878787878788,0.08585858585858586,-0.9797979797979798,-0.03535353535353535,-0.5505050505050505,-0.06060606060606061,-0.7575757575757576,-0.08585858585858586,-0.8838383838383839,-0.10606060606060606,-1.0,-0.13636363636363635,-0.494949494949495,-0.18686868686868688,-0.6818181818181818,-0.21717171717171718,-0.797979797979798,-0.23232323232323232,-0.9040404040404041,-0.23737373737373738,-0.398989898989899,-0.30808080808080807,-0.5303030303030303,-0.3434343434343434,-0.6060606060606061,-0.36363636363636365,-0.6868686868686869
1,0.0,0.0,0.15555555555555556,-0.12444444444444444,0.2577777777777778,-0.31555555555555553,0.31555555555555553,-0.48,0.39111111111111113,-0.5911111111111111,0.08444444444444445,-0.5422222222222223,0.10666666666666667,-0.7333333333333333,0.1111111111111111,-0.8488888888888889,0.10666666666666667,-0.9422222222222222,-0.035555555555555556,-0.5466666666666666,-0.04888888888888889,-0.7644444444444445,-0.06666666666666667,-0.8933333333333333,-0.08444444444444445,-1.0,-0.13777777777777778,-0.49777777777777776,-0.19111111111111112,-0.6888888888888889,-0.22666666666666666,-0.8088888888888889,-0.25333333333333335,-0.9111111111111111,-0.2311111111111111,-0.4088888888888889,-0.30666666666666664,-0.5466666666666666,-0.3466666666666667,-0.6266666666666667,-0.37777777777777777,-0.7022222222222222
1,0.0,0.0,0.10126582278481013,-0.18354430379746836,0.13924050632911392,-0.41139240506329117,0.15822784810126583,-0.5949367088607594,0.20253164556962025,-0.7341772151898734,-0.13924050632911392,-0.5632911392405063,-0.20253164556962025,-0.7721518987341772,-0.24050632911392406,-0.8924050632911392,-0.2848101265822785,-1.0,-0.25316455696202533,-0.5189873417721519,-0.36075949367088606,-0.7278481012658228,-0.4240506329113924,-0.8544303797468354,-0.4873417721518987,-0.9620253164556962,-0.3291139240506329,-0.43037974683544306,-0.45569620253164556,-0.6012658227848101,-0.5379746835443038,-0.7025316455696202,-0.6012658227848101,-0.7974683544303798,-0.379746835443038,-0.310126582278481,-0.5126582278481012,-0.41139240506329117,-0.5822784810126582,-0.47468354430379744,-0.6518987341772152,-0.5379746835443038
1,0.0,0.0,0.07547169811320754,-0.18867924528301888,0.09433962264150944,-0.4088050314465409,0.09433962264150944,-0.5911949685534591,0.1320754716981132,-0.7295597484276729,-0.16981132075471697,-0.5723270440251572,-0.24528301886792453,-0.7735849056603774,-0.3018867924528302,-0.8930817610062893,-0.3522012578616352,-1.0,-0.27672955974842767,-0.5283018867924528,-0.39622641509433965,-0.7358490566037735,-0.4716981132075472,-0.8553459119496856,-0.5345911949685535,-0.9559748427672956,-0.3522012578616352,-0.44654088050314467,-0.4779874213836478,-0.6226415094339622,-0.559748427672956,-0.7295597484276729,-0.6289308176100629,-0.8238993710691824,-0.39622641509433965,-0.3270440251572327,-0.5220125786163522,-0.44025157232704404,-0.5974842767295597,-0.5094339622641509,-0.660377358490566,-0.5786163522012578
1,0.0,0.0,0.11797752808988764,-0.15168539325842698,0.17415730337078653,-0.3595505617977528,0.20786516853932585,-0.5337078651685393,0.2696629213483146,-0.6573033707865169,-0.06741573033707865,-0.5561797752808989,-0.09550561797752809,-0.7584269662921348,-0.12359550561797752,-0.8876404494382022,-0.14606741573033707,-1.0,-0.1797752808988764,-0.5337078651685393,-0.25280898876404495,-0.7528089887640449,-0.30337078651685395,-0.8820224719101124,-0.34831460674157305,-1.0,-0.2640449438202247,-0.46629213483146065,-0.3651685393258427,-0.651685393258427,-0.43258426966292135,-0.7696629213483146,-0.4887640449438202,-0.8707865168539326,-0.3258426966292135,-0.3595505617977528,-0.42696629213483145,-0.4943820224719101,-0.47752808988764045,-0.5730337078651685,-0.5224719101123596,-0.6460674157303371
1,0.0,0.0,0.15846994535519127,-0.060109289617486336,0.30601092896174864,-0.1912568306010929,0.4262295081967213,-0.29508196721311475,0.5355191256830601,-0.34972677595628415,0.20765027322404372,-0.4918032786885246,0.29508196721311475,-0.6612021857923497,0.33879781420765026,-0.7704918032786885,0.3770491803278688,-0.8688524590163934,0.09836065573770492,-0.5355191256830601,0.15300546448087432,-0.7540983606557377,0.18579234972677597,-0.8852459016393442,0.21311475409836064,-1.0,-0.01092896174863388,-0.5245901639344263,0.0,-0.73224043715847,0.00546448087431694,-0.8688524590163934,0.02185792349726776,-0.9836065573770492,-0.12568306010928962,-0.4644808743169399,-0.15846994535519127,-0.6284153005464481,-0.17486338797814208,-0.73224043715847,-0.17486338797814208,-0.825136612021858
1,0.0,0.0,0.2191780821917808,0.0547945205479452,0.4863013698630137,0.04794520547945205,0.7054794520547946,0.03424657534246575,0.8835616438356164,0.07534246575342465,0.5136986301369864,-0.3082191780821918,0.7397260273972602,-0.4246575342465753,0.8767123287671232,-0.4931506849315068,1.0,-0.5616438356164384,0.410958904109589,-0.4383561643835616,0.6232876712328768,-0.6164383561643836,0.7534246575342466,-0.7191780821917808,0.8698630136986302,-0.821917808219178,0.2671232876712329,-0.5068493150684932,0.410958904109589,-0.7123287671232876,0.5136986301369864,-0.8424657534246576,0.6027397260273972,-0.958904109589041,0.0958904109589041,-0.5205479452054794,0.1780821917808219,-0.7191780821917808,0.2328767123287671,-0.8356164383561644,0.2945205479452055,-0.9452054794520548
1,0.0,0.0,0.1881720430107527,-0.026881720430107527,0.3817204301075269,-0.13978494623655913,0.5376344086021505,-0.23118279569892472,0.6774193548387096,-0.26344086021505375,0.3225806451612903,-0.45698924731182794,0.46236559139784944,-0.6236559139784946,0.5483870967741935,-0.7258064516129032,0.6236559139784946,-0.8225806451612904,0.21505376344086022,-0.5268817204301075,0.3279569892473118,-0.7419354838709677,0.3978494623655914,-0.8763440860215054,0.46236559139784944,-0.9946236559139785,0.0913978494623656,-0.5376344086021505,0.15591397849462366,-0.7526881720430108,0.1989247311827957,-0.8870967741935484,0.24193548387096775,-1.0,-0.03225806451612903,-0.5053763440860215,-0.021505376344086023,-0.6827956989247311,-0.010752688172043012,-0.7956989247311828,0.010752688172043012,-0.8978494623655914
1,0.0,0.0,0.13392857142857142,-0.14732142857142858,0.21428571428571427,-0.35267857142857145,0.26339285714285715,-0.5178571428571429,0.33482142857142855,-0.6294642857142857,0.017857142857142856,-0.5580357142857143,0.022321428571428572,-0.7544642857142857,0.022321428571428572,-0.875,0.017857142857142856,-0.9776785714285714,-0.09375,-0.5491071428571429,-0.125,-0.7589285714285714,-0.14285714285714285,-0.8883928571428571,-0.16517857142857142,-1.0,-0.1875,-0.49107142857142855,-0.2544642857142857,-0.6741071428571429,-0.29910714285714285,-0.7901785714285714,-0.33035714285714285,-0.8928571428571429,-0.26785714285714285,-0.38839285714285715,-0.35714285714285715,-0.5133928571428571,-0.4017857142857143,-0.59375,-0.4419642857142857,-0.6741071428571429
1,0.0,0.0,0.10606060606060606,-0.21717171717171718,0.12121212121212122,-0.45454545454545453,0.09090909090909091,-0.6464646464646465,0.10606060606060606,-0.7878787878787878,-0.16161616161616163,-0.5858585858585859,-0.22727272727272727,-0.7878787878787878,-0.2727272727272727,-0.9040404040404041,-0.31313131313131315,-1.0,-0.2828282828282828,-0.5353535353535354,-0.3888888888888889,-0.7272727272727273,-0.45454545454545453,-0.8434343434343434,-0.51010101010101,-0.9393939393939394,-0.36363636363636365,-0.4444444444444444,-0.494949494949495,-0.5959595959595959,-0.5808080808080808,-0.6818181818181818,-0.6464646464646465,-0.7626262626262627,-0.41414141414141414,-0.3181818181818182,-0.5404040404040404,-0.4090909090909091,-0.6111111111111112,-0.4696969696969697,-0.6666666666666666,-0.5252525252525253
1,0.0,0.0,0.125,-0.17,0.17,-0.38,0.185,-0.55,0.25,-0.665,-0.01,-0.575,-0.015,-0.77,-0.025,-0.89,-0.035,-1.0,-0.115,-0.555,-0.155,-0.76,-0.18,-0.885,-0.2,-1.0,-0.2,-0.49,-0.27,-0.665,-0.315,-0.78,-0.345,-0.88,-0.275,-0.385,-0.37,-0.495,-0.415,-0.57,-0.455,-0.64
1,0.0,0.0,0.109375,-0.1875,0.125,-0.4010416666666667,0.109375,-0.5729166666666666,0.140625,-0.7083333333333334,-0.13541666666666666,-0.5677083333333334,-0.19270833333333334,-0.765625,-0.234375,-0.890625,-0.2760416666666667,-1.0,-0.25,-0.5260416666666666,-0.3489583333333333,-0.7291666666666666,-0.4114583333333333,-0.8541666666666666,-0.4635416666666667,-0.9635416666666666,-0.328125,-0.4427083333333333,-0.453125,-0.609375,-0.5364583333333334,-0.7135416666666666,-0.6041666666666666,-0.8072916666666666,-0.3802083333333333,-0.3177083333333333,-0.5104166666666666,-0.4270833333333333,-0.5833333333333334,-0.4895833333333333,-0.6458333333333334,-0.546875
1,0.0,0.0,0.09944751381215469,-0.14917127071823205,0.13812154696132597,-0.3314917127071823,0.16022099447513813,-0.48066298342541436,0.2154696132596685,-0.5911602209944752,-0.08287292817679558,-0.56353591160221,-0.09392265193370165,-0.7569060773480663,-0.11049723756906077,-0.8839779005524862,-0.13259668508287292,-1.0,-0.19337016574585636,-0.5469613259668509,-0.26519337016574585,-0.7624309392265194,-0.30939226519337015,-0.8895027624309392,-0.3425414364640884,-1.0,-0.27624309392265195,-0.48066298342541436,-0.3812154696132597,-0.6740331491712708,-0.44751381215469616,-0.7955801104972375,-0.4972375690607735,-0.9060773480662984,-0.3425414364640884,-0.3812154696132597,-0.44751381215469616,-0.5138121546961326,-0.5138121546961326,-0.5911602209944752,-0.5580110497237569,-0.6685082872928176
1,0.0,0.0,0.0440251572327044,-0.1761006289308176,0.025157232704402517,-0.37735849056603776,-0.006289308176100629,-0.5408805031446541,0.012578616352201259,-0.6792452830188679,-0.22641509433962265,-0.559748427672956,-0.3018867924528302,-0.7672955974842768,-0.36477987421383645,-0.8930817610062893,-0.42138364779874216,-1.0,-0.33962264150943394,-0.5094339622641509,-0.4716981132075472,-0.7295597484276729,-0.5534591194968553,-0.8616352201257862,-0.6289308176100629,-0.9811320754716981,-0.4088050314465409,-0.41509433962264153,-0.559748427672956,-0.5849056603773585,-0.6666666666666666,-0.6855345911949685,-0.7484276729559748,-0.779874213836478,-0.44654088050314467,-0.2830188679245283,-0.5911949685534591,-0.389937106918239,-0.6729559748427673,-0.44654088050314467,-0.7421383647798742,-0.5094339622641509
1,0.0,0.0,-0.07526881720430108,-0.25806451612903225,-0.22580645161290322,-0.4731182795698925,-0.3870967741935484,-0.5591397849462365,-0.5161290322580645,-0.5913978494623656,-0.4731182795698925,-0.5268817204301075,-0.6451612903225806,-0.7096774193548387,-0.7634408602150538,-0.7956989247311828,-0.8602150537634409,-0.8709677419354839,-0.5376344086021505,-0.40860215053763443,-0.7634408602150538,-0.5268817204301075,-0.9032258064516129,-0.5806451612903226,-1.0,-0.6129032258064516,-0.5483870967741935,-0.26881720430107525,-0.7526881720430108,-0.3548387096774194,-0.8924731182795699,-0.3870967741935484,-0.989247311827957,-0.3978494623655914,-0.4946236559139785,-0.11827956989247312,-0.6559139784946236,-0.1827956989247312,-0.7311827956989247,-0.24731182795698925,-0.7849462365591398,-0.2903225806451613
1,0.0,0.0,0.02830188679245283,-0.3113207547169811,-0.02830188679245283,-0.6226415094339622,-0.1320754716981132,-0.8490566037735849,-0.2358490566037736,-1.0,-0.3490566037735849,-0.6037735849056604,-0.4811320754716981,-0.7924528301886793,-0.5660377358490566,-0.9056603773584906,-0.6415094339622641,-1.0,-0.46226415094339623,-0.4716981132075472,-0.6320754716981132,-0.6320754716981132,-0.7452830188679245,-0.7264150943396226,-0.839622641509434,-0.8018867924528302,-0.5188679245283019,-0.3113207547169811,-0.6981132075471698,-0.41509433962264153,-0.8018867924528302,-0.46226415094339623,-0.8867924528301887,-0.5,-0.5377358490566038,-0.14150943396226415,-0.6886792452830188,-0.1509433962264151,-0.7830188679245284,-0.16037735849056603,-0.8584905660377359,-0.1792452830188679
1,0.0,0.0,0.05185185185185185,-0.23703703703703705,0.014814814814814815,-0.4962962962962963,-0.037037037037037035,-0.6962962962962963,-0.05185185185185185,-0.8592592592592593,-0.3037037037037037,-0.5851851851851851,-0.4074074074074074,-0.7777777777777778,-0.4740740740740741,-0.8962962962962963,-0.5333333333333333,-1.0,-0.4148148148148148,-0.5037037037037037,-0.5703703703703704,-0.6888888888888889,-0.6666666666666666,-0.8,-0.7481481481481481,-0.8962962962962963,-0.4888888888888889,-0.3925925925925926,-0.6814814814814815,-0.5111111111111111,-0.8074074074074075,-0.5777777777777777,-0.9185185185185185,-0.6370370370370371,-0.5185185185185185,-0.24444444444444444,-0.6962962962962963,-0.3111111111111111,-0.8,-0.3333333333333333,-0.8888888888888888,-0.35555555555555557
1,0.0,0.0,0.10126582278481013,-0.17088607594936708,0.12025316455696203,-0.37341772151898733,0.11392405063291139,-0.5379746835443038,0.12658227848101267,-0.6772151898734177,-0.11392405063291139,-0.5632911392405063,-0.15822784810126583,-0.7658227848101266,-0.189873417721519,-0.8924050632911392,-0.21518987341772153,-1.0,-0.2088607594936709,-0.5253164556962026,-0.2911392405063291,-0.7341772151898734,-0.34810126582278483,-0.8607594936708861,-0.3924050632911392,-0.9746835443037974,-0.2848101265822785,-0.4430379746835443,-0.3924050632911392,-0.6139240506329114,-0.45569620253164556,-0.7341772151898734,-0.5063291139240507,-0.8417721518987342,-0.33544303797468356,-0.31645569620253167,-0.45569620253164556,-0.4177215189873418,-0.5253164556962026,-0.47468354430379744,-0.5822784810126582,-0.5253164556962026
1,0.0,0.0,0.13259668508287292,-0.143646408839779,0.20441988950276244,-0.3259668508287293,0.24861878453038674,-0.48066298342541436,0.287292817679558,-0.5911602209944752,-0.0055248618784530384,-0.5469613259668509,-0.0055248618784530384,-0.7458563535911602,-0.0055248618784530384,-0.8729281767955801,-0.011049723756906077,-0.9834254143646409,-0.12154696132596685,-0.5359116022099447,-0.16022099447513813,-0.7513812154696132,-0.17679558011049723,-0.8895027624309392,-0.19337016574585636,-1.0,-0.2154696132596685,-0.4696132596685083,-0.287292817679558,-0.6629834254143646,-0.3314917127071823,-0.7845303867403315,-0.36464088397790057,-0.8895027624309392,-0.287292817679558,-0.3701657458563536,-0.3756906077348066,-0.49171270718232046,-0.425414364640884,-0.569060773480663,-0.4530386740331492,-0.6464088397790055
1,0.0,0.0,0.13829787234042554,-0.0797872340425532,0.2553191489361702,-0.2127659574468085,0.34574468085106386,-0.3351063829787234,0.4148936170212766,-0.42021276595744683,0.13829787234042554,-0.5159574468085106,0.19148936170212766,-0.6914893617021277,0.22340425531914893,-0.8085106382978723,0.2393617021276596,-0.9095744680851063,0.026595744680851064,-0.5425531914893617,0.05319148936170213,-0.7553191489361702,0.07446808510638298,-0.8882978723404256,0.09042553191489362,-1.0,-0.07446808510638298,-0.5159574468085106,-0.09574468085106383,-0.7180851063829787,-0.10638297872340426,-0.8457446808510638,-0.11170212765957446,-0.9574468085106383,-0.1702127659574468,-0.44680851063829785,-0.22872340425531915,-0.5957446808510638,-0.26063829787234044,-0.6861702127659575,-0.2765957446808511,-0.7712765957446809
1,0.0,0.0,0.15463917525773196,-0.07216494845360824,0.28350515463917525,-0.20618556701030927,0.37628865979381443,-0.31958762886597936,0.4639175257731959,-0.39690721649484534,0.15979381443298968,-0.5051546391752577,0.22164948453608246,-0.6855670103092784,0.25773195876288657,-0.7989690721649485,0.28350515463917525,-0.8969072164948454,0.04639175257731959,-0.5360824742268041,0.07731958762886598,-0.7577319587628866,0.0979381443298969,-0.8865979381443299,0.1134020618556701,-1.0,-0.061855670103092786,-0.5154639175257731,-0.07731958762886598,-0.7216494845360825,-0.08247422680412371,-0.845360824742268,-0.08762886597938144,-0.9587628865979382,-0.16494845360824742,-0.4484536082474227,-0.22164948453608246,-0.5979381443298969,-0.25257731958762886,-0.6958762886597938,-0.27319587628865977,-0.788659793814433
1,0.0,0.0,0.17045454545454544,-0.028409090909090908,0.3352272727272727,-0.10227272727272728,0.4602272727272727,-0.17613636363636365,0.5681818181818182,-0.22727272727272727,0.3125,-0.4659090909090909,0.4375,-0.6306818181818182,0.5056818181818182,-0.7329545454545454,0.5681818181818182,-0.8238636363636364,0.20454545454545456,-0.5340909090909091,0.3068181818181818,-0.7443181818181818,0.3693181818181818,-0.875,0.42613636363636365,-0.9829545454545454,0.08522727272727272,-0.5397727272727273,0.13068181818181818,-0.7556818181818182,0.16477272727272727,-0.8863636363636364,0.20454545454545456,-1.0,-0.05113636363636364,-0.5,-0.0625,-0.6704545454545454,-0.0625,-0.7784090909090909,-0.045454545454545456,-0.8806818181818182
1,0.0,0.0,0.15228426395939088,-0.10152284263959391,0.25888324873096447,-0.24873096446700507,0.3248730964467005,-0.38071065989847713,0.39086294416243655,-0.4720812182741117,0.1319796954314721,-0.5329949238578681,0.18274111675126903,-0.7106598984771574,0.2131979695431472,-0.8274111675126904,0.233502538071066,-0.9289340101522843,0.02030456852791878,-0.5482233502538071,0.04060913705583756,-0.7614213197969543,0.05583756345177665,-0.8883248730964467,0.07106598984771574,-1.0,-0.08121827411167512,-0.5076142131979695,-0.10152284263959391,-0.7055837563451777,-0.1116751269035533,-0.8324873096446701,-0.116751269035533,-0.949238578680203,-0.18274111675126903,-0.4263959390862944,-0.2436548223350254,-0.5685279187817259,-0.2639593908629442,-0.6649746192893401,-0.27411167512690354,-0.7563451776649747
1,0.0,0.0,0.11049723756906077,-0.19337016574585636,0.13259668508287292,-0.4143646408839779,0.11602209944751381,-0.5966850828729282,0.12154696132596685,-0.7348066298342542,-0.08839779005524862,-0.580110497237569,-0.12154696132596685,-0.7790055248618785,-0.15469613259668508,-0.8950276243093923,-0.18232044198895028,-1.0,-0.19889502762430938,-0.5414364640883977,-0.27071823204419887,-0.7403314917127072,-0.3149171270718232,-0.861878453038674,-0.35359116022099446,-0.9668508287292817,-0.281767955801105,-0.4585635359116022,-0.3812154696132597,-0.6132596685082873,-0.44751381215469616,-0.7071823204419889,-0.5027624309392266,-0.7955801104972375,-0.3425414364640884,-0.3314917127071823,-0.44751381215469616,-0.4143646408839779,-0.5027624309392266,-0.4696132596685083,-0.5469613259668509,-0.5193370165745856
2,0.0,0.0,0.09090909090909091,-0.11764705882352941,0.11229946524064172,-0.3155080213903743,0.03208556149732621,-0.48663101604278075,-0.0374331550802139,-0.6042780748663101,0.1711229946524064,-0.5240641711229946,0.20320855614973263,-0.7379679144385026,0.20855614973262032,-0.8877005347593583,0.20855614973262032,-1.0,0.058823529411764705,-0.49732620320855614,0.0106951871657754,-0.679144385026738,0.0053475935828877,-0.5828877005347594,0.03208556149732621,-0.48128342245989303,-0.0481283422459893,-0.44919786096256686,-0.08021390374331551,-0.5668449197860963,-0.06417112299465241,-0.47593582887700536,-0.0481283422459893,-0.3850267379679144,-0.13368983957219252,-0.37433155080213903,-0.1657754010695187,-0.45989304812834225,-0.1443850267379679,-0.40641711229946526,-0.11764705882352941,-0.3422459893048128
2,0.0,0.0,0.08333333333333333,-0.14444444444444443,0.08333333333333333,-0.34444444444444444,-0.016666666666666666,-0.49444444444444446,-0.10555555555555556,-0.6055555555555555,0.1111111111111111,-0.5444444444444444,0.13333333333333333,-0.75,0.13333333333333333,-0.8888888888888888,0.12777777777777777,-1.0,0.0,-0.5,-0.05555555555555555,-0.6722222222222223,-0.03333333333333333,-0.5777777777777777,0.0,-0.4722222222222222,-0.10555555555555556,-0.42777777777777776,-0.15,-0.5222222222222223,-0.09444444444444444,-0.4166666666666667,-0.06111111111111111,-0.3388888888888889,-0.19444444444444445,-0.3333333333333333,-0.23333333333333334,-0.4166666666666667,-0.17777777777777778,-0.34444444444444444,-0.1388888888888889,-0.2833333333333333
2,0.0,0.0,0.07471264367816093,-0.14942528735632185,0.05747126436781609,-0.3505747126436782,-0.05747126436781609,-0.4942528735632184,-0.14942528735632185,-0.5689655172413793,0.05747126436781609,-0.5459770114942529,0.06321839080459771,-0.7528735632183908,0.040229885057471264,-0.8908045977011494,0.017241379310344827,-1.0,-0.04597701149425287,-0.4942528735632184,-0.10919540229885058,-0.6551724137931034,-0.08045977011494253,-0.5459770114942529,-0.05172413793103448,-0.4482758620689655,-0.14367816091954022,-0.41954022988505746,-0.1839080459770115,-0.5114942528735632,-0.1206896551724138,-0.39655172413793105,-0.08620689655172414,-0.3160919540229885,-0.21839080459770116,-0.3333333333333333,-0.25287356321839083,-0.41379310344827586,-0.20114942528735633,-0.3448275862068966,-0.16091954022988506,-0.28160919540229884
2,0.0,0.0,0.0728476821192053,-0.11920529801324503,0.11920529801324503,-0.31125827814569534,0.06622516556291391,-0.45695364238410596,-0.013245033112582781,-0.5496688741721855,0.12582781456953643,-0.4966887417218543,0.13245033112582782,-0.7218543046357616,0.1390728476821192,-0.8609271523178808,0.13245033112582782,-0.9735099337748344,0.039735099337748346,-0.48344370860927155,0.09933774834437085,-0.7350993377483444,0.13245033112582782,-0.8807947019867549,0.15894039735099338,-1.0,-0.039735099337748346,-0.4304635761589404,-0.06622516556291391,-0.5496688741721855,-0.046357615894039736,-0.4370860927152318,-0.033112582781456956,-0.3509933774834437,-0.11920529801324503,-0.33774834437086093,-0.152317880794702,-0.4304635761589404,-0.12582781456953643,-0.3708609271523179,-0.09933774834437085,-0.2980132450331126
2,0.0,0.0,0.08333333333333333,-0.1388888888888889,0.09722222222222222,-0.3472222222222222,-0.020833333333333332,-0.4930555555555556,-0.13194444444444445,-0.5694444444444444,0.06944444444444445,-0.5277777777777778,0.06944444444444445,-0.7569444444444444,0.04861111111111111,-0.8958333333333334,0.020833333333333332,-1.0,-0.04861111111111111,-0.4861111111111111,-0.125,-0.6180555555555556,-0.09027777777777778,-0.4791666666666667,-0.04861111111111111,-0.3819444444444444,-0.1597222222222222,-0.4166666666666667,-0.2152777777777778,-0.4861111111111111,-0.1527777777777778,-0.375,-0.1111111111111111,-0.2986111111111111,-0.25,-0.3263888888888889,-0.3055555555555556,-0.3888888888888889,-0.25,-0.3125,-0.2013888888888889,-0.2569444444444444
2,0.0,0.0,0.14285714285714285,-0.10857142857142857,0.19428571428571428,-0.2914285714285714,0.11428571428571428,-0.4514285714285714,0.011428571428571429,-0.5257142857142857,0.18285714285714286,-0.49714285714285716,0.21142857142857144,-0.7314285714285714,0.21714285714285714,-0.8742857142857143,0.21142857142857144,-1.0,0.06285714285714286,-0.4857142857142857,0.04,-0.6571428571428571,0.05714285714285714,-0.52,0.07428571428571429,-0.4114285714285714,-0.04,-0.44,-0.05142857142857143,-0.5485714285714286,0.0,-0.4057142857142857,0.017142857142857144,-0.32,-0.13714285714285715,-0.3657142857142857,-0.14285714285714285,-0.48,-0.09714285714285714,-0.3942857142857143,-0.07428571428571429,-0.32571428571428573
2,0.0,0.0,0.14210526315789473,-0.11578947368421053,0.19473684210526315,-0.3,0.11578947368421053,-0.45263157894736844,0.02631578947368421,-0.531578947368421,0.15789473684210525,-0.5157894736842106,0.16842105263157894,-0.7473684210526316,0.1631578947368421,-0.8842105263157894,0.14736842105263157,-1.0,0.042105263157894736,-0.49473684210526314,0.02631578947368421,-0.6578947368421053,0.05789473684210526,-0.5105263157894737,0.07368421052631578,-0.4105263157894737,-0.05789473684210526,-0.4473684210526316,-0.06315789473684211,-0.5473684210526316,-0.010526315789473684,-0.4052631578947368,0.005263157894736842,-0.3263157894736842,-0.15263157894736842,-0.3684210526315789,-0.15263157894736842,-0.46842105263157896,-0.10526315789473684,-0.37894736842105264,-0.08947368421052632,-0.30526315789473685
2,0.0,0.0,0.1358695652173913,-0.125,0.1793478260869565,-0.32065217391304346,0.08695652173913043,-0.47282608695652173,-0.021739130434782608,-0.5380434782608695,0.15760869565217392,-0.5108695652173914,0.17391304347826086,-0.7336956521739131,0.17391304347826086,-0.8804347826086957,0.15760869565217392,-1.0,0.03260869565217391,-0.4891304347826087,-0.016304347826086956,-0.6467391304347826,0.010869565217391304,-0.5163043478260869,0.03804347826086957,-0.4076086956521739,-0.07065217391304347,-0.43478260869565216,-0.10869565217391304,-0.5217391304347826,-0.043478260869565216,-0.391304347826087,-0.005434782608695652,-0.30434782608695654,-0.15760869565217392,-0.358695652173913,-0.1793478260869565,-0.43478260869565216,-0.11956521739130435,-0.3532608695652174,-0.07608695652173914,-0.28804347826086957
2,0.0,0.0,0.0893854748603352,-0.18435754189944134,0.055865921787709494,-0.4134078212290503,-0.08379888268156424,-0.547486033519553,-0.20670391061452514,-0.5921787709497207,-0.01675977653631285,-0.5698324022346368,-0.0782122905027933,-0.770949720670391,-0.12849162011173185,-0.8994413407821229,-0.19553072625698323,-1.0,-0.12849162011173185,-0.49162011173184356,-0.21787709497206703,-0.6480446927374302,-0.1340782122905028,-0.5251396648044693,-0.0782122905027933,-0.441340782122905,-0.21787709497206703,-0.4022346368715084,-0.2849162011173184,-0.5027932960893855,-0.16759776536312848,-0.3854748603351955,-0.11173184357541899,-0.3240223463687151,-0.2849162011173184,-0.3016759776536313,-0.329608938547486,-0.3854748603351955,-0.24022346368715083,-0.3128491620111732,-0.18994413407821228,-0.26256983240223464
2,0.0,0.0,0.15544041450777202,-0.09844559585492228,0.23316062176165803,-0.2849740932642487,0.17098445595854922,-0.45077720207253885,0.07772020725388601,-0.538860103626943,0.24352331606217617,-0.5077720207253886,0.31088082901554404,-0.7253886010362695,0.34196891191709844,-0.8756476683937824,0.3471502590673575,-1.0,0.10880829015544041,-0.49740932642487046,0.08808290155440414,-0.6683937823834197,0.10362694300518134,-0.5440414507772021,0.11917098445595854,-0.44041450777202074,-0.015544041450777202,-0.45077720207253885,-0.025906735751295335,-0.5492227979274611,0.02072538860103627,-0.40932642487046633,0.04145077720207254,-0.3160621761658031,-0.12953367875647667,-0.37823834196891193,-0.12435233160621761,-0.45077720207253885,-0.07253886010362694,-0.3626943005181347,-0.046632124352331605,-0.29533678756476683
2,0.0,0.0,0.17318435754189945,-0.08379888268156424,0.27932960893854747,-0.2569832402234637,0.21787709497206703,-0.40782122905027934,0.10614525139664804,-0.4860335195530726,0.2849162011173184,-0.5083798882681564,0.39106145251396646,-0.7262569832402235,0.4581005586592179,-0.8715083798882681,0.4972067039106145,-1.0,0.1452513966480447,-0.5195530726256983,0.16759776536312848,-0.6815642458100558,0.18435754189944134,-0.5251396648044693,0.18435754189944134,-0.41899441340782123,0.0111731843575419,-0.49162011173184356,0.05027932960893855,-0.5810055865921788,0.0893854748603352,-0.4245810055865922,0.0893854748603352,-0.329608938547486,-0.11173184357541899,-0.4245810055865922,-0.0670391061452514,-0.4972067039106145,-0.0111731843575419,-0.39664804469273746,-0.00558659217877095,-0.3240223463687151
2,0.0,0.0,0.1065989847715736,-0.1319796954314721,0.116751269035533,-0.3147208121827411,0.015228426395939087,-0.4619289340101523,-0.09137055837563451,-0.5279187817258884,0.07106598984771574,-0.5279187817258884,0.06091370558375635,-0.751269035532995,0.030456852791878174,-0.8883248730964467,0.005076142131979695,-1.0,-0.04060913705583756,-0.4873096446700508,-0.10152284263959391,-0.6446700507614214,-0.06598984771573604,-0.5126903553299492,-0.025380710659898477,-0.4213197969543147,-0.14213197969543148,-0.41624365482233505,-0.18274111675126903,-0.5279187817258884,-0.116751269035533,-0.41116751269035534,-0.07614213197969544,-0.3350253807106599,-0.2131979695431472,-0.3197969543147208,-0.24873096446700507,-0.41116751269035534,-0.18781725888324874,-0.34517766497461927,-0.14213197969543148,-0.27918781725888325
2,0.0,0.0,0.06593406593406594,-0.15934065934065933,0.03296703296703297,-0.37362637362637363,-0.0989010989010989,-0.5,-0.2032967032967033,-0.5659340659340659,-0.005494505494505495,-0.5494505494505495,-0.06043956043956044,-0.7527472527472527,-0.12087912087912088,-0.8901098901098901,-0.17582417582417584,-1.0,-0.1043956043956044,-0.4945054945054945,-0.2032967032967033,-0.5989010989010989,-0.14835164835164835,-0.489010989010989,-0.07692307692307693,-0.4065934065934066,-0.18681318681318682,-0.41208791208791207,-0.25274725274725274,-0.4725274725274725,-0.17582417582417584,-0.37362637362637363,-0.11538461538461539,-0.3076923076923077,-0.24725274725274726,-0.3131868131868132,-0.29120879120879123,-0.37362637362637363,-0.22527472527472528,-0.3076923076923077,-0.16483516483516483,-0.25274725274725274
2,0.0,0.0,0.12994350282485875,-0.11299435028248588,0.1864406779661017,-0.2824858757062147,0.11299435028248588,-0.4124293785310734,-0.005649717514124294,-0.4689265536723164,0.13559322033898305,-0.5084745762711864,0.1638418079096045,-0.7288135593220338,0.1751412429378531,-0.8813559322033898,0.1694915254237288,-1.0,0.022598870056497175,-0.4858757062146893,0.011299435028248588,-0.6497175141242938,0.03954802259887006,-0.536723163841808,0.062146892655367235,-0.4350282485875706,-0.07909604519774012,-0.4293785310734463,-0.07344632768361582,-0.5310734463276836,-0.01694915254237288,-0.4180790960451977,0.0,-0.327683615819209,-0.1694915254237288,-0.3446327683615819,-0.15254237288135594,-0.4406779661016949,-0.0903954802259887,-0.3728813559322034,-0.06779661016949153,-0.3050847457627119
2,0.0,0.0,0.13063063063063063,-0.0990990990990991,0.17567567567567569,-0.26126126126126126,0.09009009009009009,-0.3918918918918919,0.013513513513513514,-0.481981981981982,0.21621621621621623,-0.4954954954954955,0.30180180180180183,-0.6801801801801802,0.36036036036036034,-0.7972972972972973,0.4009009009009009,-0.8918918918918919,0.0945945945945946,-0.5045045045045045,0.07657657657657657,-0.7387387387387387,0.06756756756756757,-0.8828828828828829,0.04954954954954955,-1.0,-0.013513513513513514,-0.45495495495495497,-0.02702702702702703,-0.5720720720720721,0.013513513513513514,-0.46396396396396394,0.036036036036036036,-0.3738738738738739,-0.10810810810810811,-0.3738738738738739,-0.0990990990990991,-0.481981981981982,-0.05405405405405406,-0.4144144144144144,-0.02252252252252252,-0.34234234234234234
2,0.0,0.0,0.11219512195121951,-0.1024390243902439,0.15121951219512195,-0.2731707317073171,0.04878048780487805,-0.4146341463414634,-0.04390243902439024,-0.5170731707317073,0.1951219512195122,-0.5121951219512195,0.2682926829268293,-0.7073170731707317,0.3073170731707317,-0.8341463414634146,0.33170731707317075,-0.9365853658536586,0.07317073170731707,-0.5219512195121951,0.06341463414634146,-0.751219512195122,0.04390243902439024,-0.8878048780487805,0.014634146341463415,-1.0,-0.03414634146341464,-0.47804878048780486,-0.07317073170731707,-0.5756097560975609,-0.04878048780487805,-0.47804878048780486,-0.03414634146341464,-0.3951219512195122,-0.12195121951219512,-0.40487804878048783,-0.14634146341463414,-0.4878048780487805,-0.11219512195121951,-0.43414634146341463,-0.07804878048780488,-0.37073170731707317
2,0.0,0.0,0.09523809523809523,-0.10582010582010581,0.13756613756613756,-0.24338624338624337,0.026455026455026454,-0.3544973544973545,-0.08994708994708994,-0.41798941798941797,0.14814814814814814,-0.48677248677248675,0.2275132275132275,-0.6825396825396826,0.26455026455026454,-0.8095238095238095,0.2962962962962963,-0.9206349206349206,0.042328042328042326,-0.5026455026455027,0.0582010582010582,-0.7354497354497355,0.05291005291005291,-0.873015873015873,0.0582010582010582,-1.0,-0.047619047619047616,-0.4603174603174603,-0.06349206349206349,-0.6349206349206349,-0.0582010582010582,-0.7407407407407407,-0.042328042328042326,-0.8306878306878307,-0.13227513227513227,-0.36507936507936506,-0.12169312169312169,-0.48148148148148145,-0.08994708994708994,-0.42857142857142855,-0.06349206349206349,-0.3439153439153439
2,0.0,0.0,0.11538461538461539,-0.10989010989010989,0.14835164835164835,-0.2802197802197802,0.03296703296703297,-0.3901098901098901,-0.08241758241758242,-0.44505494505494503,0.14835164835164835,-0.5054945054945055,0.22527472527472528,-0.7087912087912088,0.2692307692307692,-0.8351648351648352,0.2967032967032967,-0.9395604395604396,0.03296703296703297,-0.5054945054945055,0.03296703296703297,-0.7417582417582418,0.027472527472527472,-0.8846153846153846,0.01098901098901099,-1.0,-0.06593406593406594,-0.46153846153846156,-0.08241758241758242,-0.5714285714285714,-0.04945054945054945,-0.4725274725274725,-0.02197802197802198,-0.3791208791208791,-0.15384615384615385,-0.3901098901098901,-0.17032967032967034,-0.5054945054945055,-0.13736263736263737,-0.46153846153846156,-0.1043956043956044,-0.3901098901098901
2,0.0,0.0,0.1099476439790576,-0.13089005235602094,0.13089005235602094,-0.3089005235602094,0.020942408376963352,-0.4293193717277487,-0.08376963350785341,-0.4816753926701571,0.13089005235602094,-0.5235602094240838,0.18848167539267016,-0.7172774869109948,0.2198952879581152,-0.8429319371727748,0.24083769633507854,-0.9476439790575916,0.015706806282722512,-0.5235602094240838,0.0,-0.7486910994764397,-0.010471204188481676,-0.8900523560209425,-0.02617801047120419,-1.0,-0.08376963350785341,-0.46596858638743455,-0.13089005235602094,-0.6020942408376964,-0.09424083769633508,-0.5340314136125655,-0.06282722513089005,-0.4607329842931937,-0.17277486910994763,-0.36649214659685864,-0.18848167539267016,-0.4712041884816754,-0.13612565445026178,-0.4293193717277487,-0.08900523560209424,-0.36649214659685864
2,0.0,0.0,0.1282051282051282,-0.10256410256410256,0.17435897435897435,-0.2564102564102564,0.06666666666666667,-0.37948717948717947,-0.03076923076923077,-0.4461538461538462,0.1794871794871795,-0.5025641025641026,0.24615384615384617,-0.6974358974358974,0.28717948717948716,-0.8256410256410256,0.3128205128205128,-0.9333333333333333,0.05128205128205128,-0.5076923076923077,0.05128205128205128,-0.7384615384615385,0.041025641025641026,-0.8717948717948718,0.02564102564102564,-1.0,-0.06153846153846154,-0.4564102564102564,-0.08205128205128205,-0.5948717948717949,-0.05128205128205128,-0.48717948717948717,-0.03076923076923077,-0.39487179487179486,-0.1641025641025641,-0.36923076923076925,-0.17435897435897435,-0.4717948717948718,-0.1282051282051282,-0.41025641025641024,-0.09230769230769231,-0.3435897435897436
2,0.0,0.0,0.12121212121212122,-0.1111111111111111,0.14646464646464646,-0.2828282828282828,0.03535353535353535,-0.41919191919191917,-0.06060606060606061,-0.494949494949495,0.16161616161616163,-0.5050505050505051,0.22727272727272727,-0.7070707070707071,0.26262626262626265,-0.8333333333333334,0.2828282828282828,-0.9393939393939394,0.03535353535353535,-0.51010101010101,0.020202020202020204,-0.7424242424242424,0.0,-0.8838383838383839,-0.020202020202020204,-1.0,-0.06565656565656566,-0.4595959595959596,-0.1111111111111111,-0.6060606060606061,-0.08080808080808081,-0.5252525252525253,-0.045454545454545456,-0.4444444444444444,-0.14646464646464646,-0.36363636363636365,-0.1717171717171717,-0.47474747474747475,-0.11616161616161616,-0.42424242424242425,-0.06060606060606061,-0.35858585858585856
2,0.0,0.0,0.11351351351351352,-0.10270270270270271,0.14054054054054055,-0.2648648648648649,0.02702702702702703,-0.3837837837837838,-0.07567567567567568,-0.4486486486486487,0.1837837837837838,-0.5135135135135135,0.2648648648648649,-0.7027027027027027,0.31351351351351353,-0.827027027027027,0.34594594594594597,-0.9297297297297298,0.06486486486486487,-0.5243243243243243,0.07027027027027027,-0.7567567567567568,0.05945945945945946,-0.8864864864864865,0.04864864864864865,-1.0,-0.043243243243243246,-0.4810810810810811,-0.08108108108108109,-0.6270270270270271,-0.07027027027027027,-0.5513513513513514,-0.05945945945945946,-0.4756756756756757,-0.13513513513513514,-0.3945945945945946,-0.15135135135135136,-0.4972972972972973,-0.11891891891891893,-0.44324324324324327,-0.08108108108108109,-0.3783783783783784
2,0.0,0.0,0.1414141414141414,-0.09595959595959595,0.18686868686868688,-0.25757575757575757,0.09090909090909091,-0.3939393939393939,0.005050505050505051,-0.48484848484848486,0.20202020202020202,-0.51010101010101,0.2727272727272727,-0.702020202020202,0.32323232323232326,-0.8282828282828283,0.35353535353535354,-0.9343434343434344,0.07575757575757576,-0.5202020202020202,0.08585858585858586,-0.7474747474747475,0.08080808080808081,-0.8838383838383839,0.07575757575757576,-1.0,-0.030303030303030304,-0.4797979797979798,-0.07575757575757576,-0.6262626262626263,-0.05555555555555555,-0.5454545454545454,-0.030303030303030304,-0.4696969696969697,-0.13131313131313133,-0.40404040404040403,-0.16161616161616163,-0.5,-0.12626262626262627,-0.4444444444444444,-0.08080808080808081,-0.3787878787878788
2,0.0,0.0,0.11267605633802817,-0.14084507042253522,0.12206572769953052,-0.323943661971831,0.004694835680751174,-0.431924882629108,-0.11267605633802817,-0.4694835680751174,0.06572769953051644,-0.5492957746478874,0.09859154929577464,-0.7605633802816901,0.12206572769953052,-0.8967136150234741,0.1267605633802817,-1.0,-0.051643192488262914,-0.5258215962441315,-0.09389671361502347,-0.7511737089201878,-0.1267605633802817,-0.8826291079812206,-0.1596244131455399,-0.9906103286384976,-0.15023474178403756,-0.4507042253521127,-0.2112676056338028,-0.5821596244131455,-0.1596244131455399,-0.49765258215962443,-0.11737089201877934,-0.4225352112676056,-0.22535211267605634,-0.3380281690140845,-0.27230046948356806,-0.43661971830985913,-0.215962441314554,-0.38967136150234744,-0.1596244131455399,-0.323943661971831
2,0.0,0.0,0.08,-0.165,0.045,-0.35,-0.105,-0.43,-0.23,-0.465,-0.07,-0.56,-0.105,-0.765,-0.13,-0.895,-0.165,-1.0,-0.19,-0.51,-0.3,-0.71,-0.365,-0.82,-0.425,-0.91,-0.27,-0.42,-0.385,-0.545,-0.34,-0.505,-0.285,-0.445,-0.325,-0.295,-0.395,-0.385,-0.33,-0.365,-0.255,-0.32
2,0.0,0.0,0.05405405405405406,-0.15675675675675677,0.010810810810810811,-0.32972972972972975,-0.14594594594594595,-0.4,-0.2648648648648649,-0.44324324324324327,-0.05945945945945946,-0.5621621621621622,-0.0918918918918919,-0.7675675675675676,-0.11351351351351352,-0.8972972972972973,-0.14594594594594595,-1.0,-0.17297297297297298,-0.5135135135135135,-0.2648648648648649,-0.7243243243243244,-0.32432432432432434,-0.8378378378378378,-0.3783783783783784,-0.9351351351351351,-0.25405405405405407,-0.42162162162162165,-0.32972972972972975,-0.5027027027027027,-0.2648648648648649,-0.42162162162162165,-0.21081081081081082,-0.3567567567567568,-0.3081081081081081,-0.3081081081081081,-0.3675675675675676,-0.3783783783783784,-0.3081081081081081,-0.34054054054054056,-0.24864864864864866,-0.2918918918918919
2,0.0,0.0,0.04639175257731959,-0.17525773195876287,-0.010309278350515464,-0.34536082474226804,-0.17010309278350516,-0.39690721649484534,-0.30412371134020616,-0.39690721649484534,-0.14432989690721648,-0.5412371134020618,-0.19072164948453607,-0.7525773195876289,-0.21649484536082475,-0.8865979381443299,-0.23711340206185566,-1.0,-0.25257731958762886,-0.4690721649484536,-0.38144329896907214,-0.6804123711340206,-0.4536082474226804,-0.8041237113402062,-0.5154639175257731,-0.9072164948453608,-0.31443298969072164,-0.36082474226804123,-0.4072164948453608,-0.4742268041237113,-0.3402061855670103,-0.4175257731958763,-0.27835051546391754,-0.36082474226804123,-0.34536082474226804,-0.23195876288659795,-0.4072164948453608,-0.31958762886597936,-0.34536082474226804,-0.30412371134020616,-0.27835051546391754,-0.26804123711340205
2,0.0,0.0,0.11363636363636363,-0.1318181818181818,0.14545454545454545,-0.2863636363636364,0.03636363636363636,-0.38181818181818183,-0.08636363636363636,-0.4090909090909091,0.06363636363636363,-0.5363636363636364,0.1,-0.7454545454545455,0.12272727272727273,-0.8681818181818182,0.13636363636363635,-0.9772727272727273,-0.05909090909090909,-0.5181818181818182,-0.10454545454545454,-0.75,-0.1318181818181818,-0.8818181818181818,-0.1590909090909091,-1.0,-0.15,-0.4409090909090909,-0.19545454545454546,-0.5772727272727273,-0.13636363636363635,-0.4727272727272727,-0.09545454545454546,-0.38181818181818183,-0.22727272727272727,-0.3181818181818182,-0.2545454545454545,-0.42272727272727273,-0.19090909090909092,-0.36363636363636365,-0.1409090909090909,-0.29545454545454547
2,0.0,0.0,0.13270142180094788,-0.11374407582938388,0.17535545023696683,-0.27014218009478674,0.08056872037914692,-0.3933649289099526,-0.009478672985781991,-0.47393364928909953,0.16587677725118483,-0.5165876777251185,0.23696682464454977,-0.7109004739336493,0.2843601895734597,-0.8341232227488151,0.3127962085308057,-0.943127962085308,0.04739336492890995,-0.5165876777251185,0.04739336492890995,-0.7535545023696683,0.037914691943127965,-0.8862559241706162,0.023696682464454975,-1.0,-0.05687203791469194,-0.46445497630331756,-0.0947867298578199,-0.6208530805687204,-0.061611374407582936,-0.5308056872037915,-0.03317535545023697,-0.44075829383886256,-0.15639810426540285,-0.3696682464454976,-0.1848341232227488,-0.4834123222748815,-0.13744075829383887,-0.4312796208530806,-0.0947867298578199,-0.36492890995260663
3,0.0,0.0,0.022222222222222223,-0.26666666666666666,-0.1037037037037037,-0.5777777777777777,-0.1925925925925926,-0.8074074074074075,-0.21481481481481482,-1.0,-0.37777777777777777,-0.5259259259259259,-0.5037037037037037,-0.5925925925925926,-0.34074074074074073,-0.5111111111111111,-0.22962962962962963,-0.45925925925925926,-0.45185185185185184,-0.3851851851851852,-0.5703703703703704,-0.4444444444444444,-0.34074074074074073,-0.34814814814814815,-0.21481481481481482,-0.3111111111111111,-0.4962962962962963,-0.2222222222222222,-0.6074074074074074,-0.2814814814814815,-0.4,-0.2074074074074074,-0.2814814814814815,-0.17777777777777778,-0.5111111111111111,-0.05925925925925926,-0.6222222222222222,-0.1111111111111111,-0.4666666666666667,-0.07407407407407407,-0.37037037037037035,-0.05925925925925926
3,0.0,0.0,0.09615384615384616,-0.27564102564102566,0.05128205128205128,-0.5769230769230769,-0.01282051282051282,-0.7948717948717948,-0.00641025641025641,-1.0,-0.3333333333333333,-0.6538461538461539,-0.19230769230769232,-0.6730769230769231,-0.08333333333333333,-0.5384615384615384,-0.057692307692307696,-0.46153846153846156,-0.4423076923076923,-0.5384615384615384,-0.2564102564102564,-0.5192307692307693,-0.12179487179487179,-0.41025641025641024,-0.10256410256410256,-0.3525641025641026,-0.4935897435897436,-0.3782051282051282,-0.32051282051282054,-0.3717948717948718,-0.1858974358974359,-0.2948717948717949,-0.15384615384615385,-0.26282051282051283,-0.5192307692307693,-0.21153846153846154,-0.3974358974358974,-0.22435897435897437,-0.26282051282051283,-0.19230769230769232,-0.21794871794871795,-0.17307692307692307
3,0.0,0.0,0.10828025477707007,-0.267515923566879,0.08280254777070063,-0.5668789808917197,0.050955414012738856,-0.7898089171974523,0.06369426751592357,-1.0,-0.2229299363057325,-0.643312101910828,0.08917197452229299,-0.6369426751592356,0.14012738853503184,-0.4968152866242038,0.08917197452229299,-0.43312101910828027,-0.31210191082802546,-0.5159235668789809,0.07006369426751592,-0.4840764331210191,0.10191082802547771,-0.3503184713375796,0.03184713375796178,-0.31210191082802546,-0.34394904458598724,-0.35668789808917195,0.01910828025477707,-0.33121019108280253,0.044585987261146494,-0.22929936305732485,-0.03184713375796178,-0.20382165605095542,-0.3503184713375796,-0.1910828025477707,-0.08917197452229299,-0.19745222929936307,-0.03184713375796178,-0.14012738853503184,-0.08280254777070063,-0.12101910828025478
3,0.0,0.0,0.1893491124260355,-0.28402366863905326,0.2603550295857988,-0.5857988165680473,0.27218934911242604,-0.7988165680473372,0.2958579881656805,-1.0,0.03550295857988166,-0.7396449704142012,0.39644970414201186,-0.6686390532544378,0.3609467455621302,-0.5562130177514792,0.25443786982248523,-0.5443786982248521,-0.047337278106508875,-0.6153846153846154,0.3668639053254438,-0.5325443786982249,0.3076923076923077,-0.4260355029585799,0.20710059171597633,-0.44970414201183434,-0.08284023668639054,-0.46745562130177515,0.3254437869822485,-0.40828402366863903,0.2603550295857988,-0.31952662721893493,0.14792899408284024,-0.33727810650887574,-0.07692307692307693,-0.31952662721893493,0.24260355029585798,-0.2781065088757396,0.1952662721893491,-0.22485207100591717,0.08284023668639054,-0.24260355029585798
3,0.0,0.0,0.05333333333333334,-0.2733333333333333,0.013333333333333334,-0.58,-0.04,-0.8,-0.06666666666666667,-1.0,-0.28,-0.5866666666666667,0.06666666666666667,-0.58,0.09333333333333334,-0.47333333333333333,0.013333333333333334,-0.43333333333333335,-0.34,-0.43333333333333335,0.08666666666666667,-0.43333333333333335,0.08666666666666667,-0.32,-0.006666666666666667,-0.29333333333333333,-0.3333333333333333,-0.25333333333333335,0.06,-0.28,0.05333333333333334,-0.19333333333333333,-0.04,-0.18,-0.29333333333333333,-0.07333333333333333,-0.006666666666666667,-0.11333333333333333,0.013333333333333334,-0.07333333333333333,-0.07333333333333333,-0.06
3,0.0,0.0,0.05142857142857143,-0.2742857142857143,0.17142857142857143,-0.5942857142857143,0.21714285714285714,-0.8171428571428572,0.17142857142857143,-1.0,0.16,-0.5428571428571428,0.5257142857142857,-0.5542857142857143,0.4342857142857143,-0.5028571428571429,0.3028571428571429,-0.49142857142857144,0.17142857142857143,-0.3657142857142857,0.56,-0.4,0.44,-0.3657142857142857,0.32,-0.36,0.2,-0.19428571428571428,0.5428571428571428,-0.2571428571428571,0.4342857142857143,-0.22857142857142856,0.32,-0.22285714285714286,0.2342857142857143,-0.045714285714285714,0.49714285714285716,-0.12,0.41714285714285715,-0.09714285714285714,0.32571428571428573,-0.07428571428571429
3,0.0,0.0,0.03910614525139665,-0.30726256983240224,0.01675977653631285,-0.6201117318435754,-0.0446927374301676,-0.8268156424581006,-0.0893854748603352,-1.0,-0.1340782122905028,-0.6201117318435754,0.1452513966480447,-0.6759776536312849,0.1340782122905028,-0.5921787709497207,0.0446927374301676,-0.5586592178770949,-0.1452513966480447,-0.4972067039106145,0.17318435754189945,-0.5418994413407822,0.1340782122905028,-0.4581005586592179,0.0335195530726257,-0.43575418994413406,-0.11173184357541899,-0.3575418994413408,0.16759776536312848,-0.4134078212290503,0.1340782122905028,-0.3463687150837989,0.0446927374301676,-0.3240223463687151,-0.0670391061452514,-0.2346368715083799,0.16759776536312848,-0.2849162011173184,0.1340782122905028,-0.2346368715083799,0.03910614525139665,-0.20670391061452514
3,0.0,0.0,-0.04672897196261682,-0.308411214953271,-0.2523364485981308,-0.5887850467289719,-0.4205607476635514,-0.8037383177570093,-0.5046728971962616,-1.0,-0.5700934579439252,-0.4485981308411215,-0.6915887850467289,-0.5046728971962616,-0.4953271028037383,-0.4485981308411215,-0.3644859813084112,-0.411214953271028,-0.616822429906542,-0.27102803738317754,-0.719626168224299,-0.29906542056074764,-0.4766355140186916,-0.2616822429906542,-0.34579439252336447,-0.24299065420560748,-0.616822429906542,-0.07476635514018691,-0.719626168224299,-0.11214953271028037,-0.4953271028037383,-0.09345794392523364,-0.37383177570093457,-0.09345794392523364,-0.5887850467289719,0.102803738317757,-0.6915887850467289,0.07476635514018691,-0.5233644859813084,0.056074766355140186,-0.4205607476635514,0.04672897196261682
3,0.0,0.0,-0.06593406593406594,-0.32967032967032966,-0.26373626373626374,-0.6593406593406593,-0.4175824175824176,-0.8681318681318682,-0.5054945054945055,-1.0,-0.5714285714285714,-0.5054945054945055,-0.7802197802197802,-0.5164835164835165,-0.5824175824175825,-0.45054945054945056,-0.43956043956043955,-0.4175824175824176,-0.6153846153846154,-0.3076923076923077,-0.8241758241758241,-0.31868131868131866,-0.5714285714285714,-0.27472527472527475,-0.4065934065934066,-0.26373626373626374,-0.6263736263736264,-0.0989010989010989,-0.8351648351648352,-0.13186813186813187,-0.6043956043956044,-0.10989010989010989,-0.45054945054945056,-0.12087912087912088,-0.5934065934065934,0.08791208791208792,-0.7692307692307693,0.06593406593406594,-0.6153846153846154,0.06593406593406594,-0.5054945054945055,0.04395604395604396
3,0.0,0.0,-0.06451612903225806,-0.3225806451612903,-0.23655913978494625,-0.6236559139784946,-0.3763440860215054,-0.8494623655913979,-0.4731182795698925,-1.0,-0.5483870967741935,-0.46236559139784944,-0.7419354838709677,-0.5161290322580645,-0.5591397849462365,-0.46236559139784944,-0.41935483870967744,-0.43010752688172044,-0.5806451612903226,-0.2903225806451613,-0.7526881720430108,-0.3225806451612903,-0.5268817204301075,-0.26881720430107525,-0.3763440860215054,-0.25806451612903225,-0.5806451612903226,-0.10752688172043011,-0.7419354838709677,-0.13978494623655913,-0.5161290322580645,-0.11827956989247312,-0.3763440860215054,-0.11827956989247312,-0.5591397849462365,0.07526881720430108,-0.6989247311827957,0.043010752688172046,-0.5268817204301075,0.03225806451612903,-0.41935483870967744,0.021505376344086023
3,0.0,0.0,-0.008547008547008548,-0.27350427350427353,-0.15384615384615385,-0.5811965811965812,-0.26495726495726496,-0.811965811965812,-0.3076923076923077,-1.0,-0.452991452991453,-0.49572649572649574,-0.46153846153846156,-0.5726495726495726,-0.29914529914529914,-0.48717948717948717,-0.2222222222222222,-0.4188034188034188,-0.5213675213675214,-0.36752136752136755,-0.5042735042735043,-0.42735042735042733,-0.3162393162393162,-0.3418803418803419,-0.23931623931623933,-0.2905982905982906,-0.5470085470085471,-0.20512820512820512,-0.5555555555555556,-0.27350427350427353,-0.358974358974359,-0.21367521367521367,-0.27350427350427353,-0.1794871794871795,-0.5555555555555556,-0.042735042735042736,-0.5811965811965812,-0.1111111111111111,-0.41025641025641024,-0.09401709401709402,-0.3247863247863248,-0.06837606837606838
3,0.0,0.0,0.022727272727272728,-0.2878787878787879,-0.08333333333333333,-0.5757575757575758,-0.1893939393939394,-0.7878787878787878,-0.22727272727272727,-1.0,-0.44696969696969696,-0.5606060606060606,-0.17424242424242425,-0.6287878787878788,-0.045454545454545456,-0.49242424242424243,-0.045454545454545456,-0.4015151515151515,-0.5075757575757576,-0.4166666666666667,-0.14393939393939395,-0.4621212121212121,-0.03787878787878788,-0.3484848484848485,-0.06060606060606061,-0.2727272727272727,-0.5,-0.24242424242424243,-0.1590909090909091,-0.29545454545454547,-0.06818181818181818,-0.20454545454545456,-0.10606060606060606,-0.1590909090909091,-0.4621212121212121,-0.06818181818181818,-0.2196969696969697,-0.12878787878787878,-0.12121212121212122,-0.09848484848484848,-0.13636363636363635,-0.06818181818181818
3,0.0,0.0,0.03759398496240601,-0.2706766917293233,-0.045112781954887216,-0.5714285714285714,-0.12781954887218044,-0.7894736842105263,-0.19548872180451127,-1.0,-0.3157894736842105,-0.43609022556390975,0.08270676691729323,-0.42857142857142855,0.07518796992481203,-0.3609022556390977,-0.045112781954887216,-0.3533834586466165,-0.3609022556390977,-0.22556390977443608,0.12781954887218044,-0.23308270676691728,0.06766917293233082,-0.21052631578947367,-0.06766917293233082,-0.20300751879699247,-0.3157894736842105,-0.03007518796992481,0.12781954887218044,-0.05263157894736842,0.07518796992481203,-0.06015037593984962,-0.05263157894736842,-0.06015037593984962,-0.24060150375939848,0.15789473684210525,0.08270676691729323,0.12030075187969924,0.05263157894736842,0.09774436090225563,-0.06766917293233082,0.09774436090225563
3,0.0,0.0,0.09230769230769231,-0.26153846153846155,0.06153846153846154,-0.5615384615384615,-0.007692307692307693,-0.7923076923076923,-0.06153846153846154,-1.0,-0.2076923076923077,-0.4,0.16923076923076924,-0.33076923076923076,0.17692307692307693,-0.3230769230769231,0.08461538461538462,-0.35384615384615387,-0.2692307692307692,-0.2076923076923077,0.2230769230769231,-0.14615384615384616,0.16153846153846155,-0.18461538461538463,0.03076923076923077,-0.2153846153846154,-0.23846153846153847,-0.007692307692307693,0.2,0.03076923076923077,0.14615384615384616,-0.023076923076923078,0.015384615384615385,-0.05384615384615385,-0.17692307692307693,0.17692307692307693,0.16153846153846155,0.18461538461538463,0.11538461538461539,0.14615384615384616,-0.023076923076923078,0.13846153846153847
3,0.0,0.0,0.16883116883116883,-0.2662337662337662,0.34415584415584416,-0.5714285714285714,0.4025974025974026,-0.7922077922077922,0.4090909090909091,-1.0,0.15584415584415584,-0.5324675324675324,0.538961038961039,-0.37012987012987014,0.45454545454545453,-0.33766233766233766,0.35064935064935066,-0.38311688311688313,0.07142857142857142,-0.33116883116883117,0.538961038961039,-0.18831168831168832,0.42857142857142855,-0.16883116883116883,0.3246753246753247,-0.22077922077922077,0.032467532467532464,-0.14285714285714285,0.4805194805194805,-0.03896103896103896,0.37662337662337664,-0.03896103896103896,0.2662337662337662,-0.09740259740259741,0.025974025974025976,0.025974025974025976,0.37012987012987014,0.08441558441558442,0.3116883116883117,0.07142857142857142,0.21428571428571427,0.025974025974025976
3,0.0,0.0,0.2080536912751678,-0.2751677852348993,0.5167785234899329,-0.5436241610738255,0.6912751677852349,-0.7651006711409396,0.7315436241610739,-1.0,0.47651006711409394,-0.4966442953020134,0.9194630872483222,-0.3087248322147651,0.8120805369127517,-0.2953020134228188,0.6644295302013423,-0.3422818791946309,0.3959731543624161,-0.28859060402684567,0.8657718120805369,-0.11409395973154363,0.7315436241610739,-0.14093959731543623,0.5838926174496645,-0.20134228187919462,0.3288590604026846,-0.08053691275167785,0.7651006711409396,0.040268456375838924,0.6442953020134228,0.013422818791946308,0.5100671140939598,-0.04697986577181208,0.28859060402684567,0.10738255033557047,0.6510067114093959,0.174496644295302,0.5503355704697986,0.15436241610738255,0.4228187919463087,0.12080536912751678
3,0.0,0.0,0.14356435643564355,-0.27722772277227725,0.24257425742574257,-0.5841584158415841,0.26732673267326734,-0.8118811881188119,0.28217821782178215,-1.0,0.10396039603960396,-0.6386138613861386,0.41089108910891087,-0.5445544554455446,0.3415841584158416,-0.47029702970297027,0.2376237623762376,-0.49504950495049505,0.039603960396039604,-0.5099009900990099,0.3811881188118812,-0.40594059405940597,0.297029702970297,-0.3465346534653465,0.19801980198019803,-0.3811881188118812,0.009900990099009901,-0.3564356435643564,0.3316831683168317,-0.2871287128712871,0.25742574257425743,-0.2376237623762376,0.15841584158415842,-0.2722772277227723,0.0049504950495049506,-0.21287128712871287,0.26732673267326734,-0.16336633663366337,0.2079207920792079,-0.13861386138613863,0.10891089108910891,-0.16831683168316833
3,0.0,0.0,0.0078125,-0.28125,-0.1328125,-0.5859375,-0.265625,-0.8125,-0.3359375,-1.0,-0.4765625,-0.5234375,-0.28125,-0.53125,-0.1328125,-0.4453125,-0.0859375,-0.390625,-0.5703125,-0.375,-0.296875,-0.359375,-0.1484375,-0.296875,-0.109375,-0.265625,-0.5859375,-0.1953125,-0.34375,-0.1953125,-0.1953125,-0.1640625,-0.171875,-0.15625,-0.5703125,-0.0234375,-0.4140625,-0.0390625,-0.265625,-0.0390625,-0.21875,-0.0546875
